authority,jurisdiction,entity,sector,date_published,penalty_amount,currency,primary_control_failure,failure_stage,detail,conduct_period
FCA,UK,Nationwide Building Society,Retail banking,2025-12-12,44078500,GBP,Ineffective customer risk assessment and ineffective CDD refresh,Customer onboarding and review,Breach of Principle 3 and of the requirement to maintain adequate policies and procedures to counter financial crime risk,2016-10 to 2021-07
FCA,UK,Barclays,Retail and investment banking,2025-07,42000000,GBP,Poor handling of financial crime risk,Not specified,"Two separate matters penalised together, relating to WealthTek and to Stunt & Co",
Gambling Commission,UK,Evolution,Gambling software and casino game hosting,2026-07-23,4750000,GBP,Not itemised in published summary,Not specified,Settled following a licence review,
Gambling Commission,UK,Petfre (betfred.com),Online gambling,2026-06-30,900000,GBP,Not itemised in published summary,Not specified,Regulatory settlement following a licence review,
Gambling Commission,UK,QuinnBet (Gibraltar) Limited,Online gambling,,609104,GBP,Anti-money-laundering and social responsibility failures,Mixed,A series of failures found on investigation. Publication date not stated in source,
Bank of Lithuania,Lithuania,Walletto UAB,Electronic money,2026,290000,EUR,AML and CTF deficiencies including internal controls,Governance and controls,Included failure in provision of information to the regulator,
Bank of Lithuania,Lithuania,UAB ConnectPay,Electronic money,2026,110000,EUR,Failure to apply proper customer identification measures,Customer identification,,
Bank of Lithuania,Lithuania,UAB Pervesk,Electronic money,2026,244000,EUR,Inadequate customer risk assessment,Customer risk assessment,Also temporarily prohibited from serving high-risk customers,
Bank of Lithuania,Lithuania,UAB Lux International Payment System,Payments,2026-08-04,0,EUR,Not stated; inspection ongoing at time of measure,Not specified,Temporarily prohibited from serving new and existing customers while an inspection continued,
